id,name,dfe_sign_in_organisation_id,local_authority_code,establishment_number
025e61e7-ec32-eb11-a813-000d3a228dfc,Test Appropriate Body 1,,1000,
69748633-ed32-eb11-a813-000d3a228dfc,ETS Test Organisation 1,1234,,
c4036e1b-ee32-eb11-a813-000d3a228dfc,Automated Test Organisation301120200926,,,
c75fdcd9-5839-eb11-a813-000d3a228dfc,Sherman LA,,,
b510f9f1-57f0-e711-8036-000d3a237aeb,Chesterton Primary School,3509928,2122107,
42b516f8-1907-e811-893c-000d3a237aeb,Chew Valley School,3510091,8004130,
ad4217f4-cebe-e711-9000-000d3a237aeb,Holy Trinity Church of England Primary School,3509664,8053330,
21f45f1b-74ff-e811-a95b-000d3a28e897,Happy go lucky appropriate body,,,
23fc92fd-1ba6-e811-a94a-000d3a28efb4,A Preprod Test Appropriate Body,,,
2214e281-d7c0-e811-a94b-000d3a28efb4,Test appropriate body,,,
1bed3a4b-c1fe-e811-a957-000d3a28efb4,Mordor LA,,,
0c0c02f4-1326-e911-a964-000d3a2ec733,Elvington Church of England Primary School,9908049,8163152,
e8b0aaf5-d739-e911-a965-000d3a2ec733,Cheylesmore House School,3527246,331/1234,
e1b6f90a-aff1-ee11-904b-000d3a6737cb,EvergreenMarch24,,,
6012e634-0434-eb11-a813-000d3aadc093,Automated Test Organisation011220201837,,,
92aebc71-61ba-ec11-983f-000d3ab5bf93,Test One,,,
e66915a4-4057-eb11-a812-000d3ab8d5b5,ETS Test Organisation 2,,5151,
ea778ff2-4057-eb11-a812-000d3ab8d5b5,Test Appropriate Body 2,,5252,
142f93a1-ab51-eb11-bb24-000d3ab8ddf9,LoadTest Org 1,7001,,
162f93a1-ab51-eb11-bb24-000d3ab8ddf9,LoadTest Org 2,7002,,
182f93a1-ab51-eb11-bb24-000d3ab8ddf9,LoadTest Org 3,7003,,
1a2f93a1-ab51-eb11-bb24-000d3ab8ddf9,LoadTest Org 4,7004,,
1c2f93a1-ab51-eb11-bb24-000d3ab8ddf9,LoadTest Org 5,7005,,
1e2f93a1-ab51-eb11-bb24-000d3ab8ddf9,LoadTest Org 6,7006,,
202f93a1-ab51-eb11-bb24-000d3ab8ddf9,LoadTest Org 7,7007,,
222f93a1-ab51-eb11-bb24-000d3ab8ddf9,LoadTest Org 8,7008,,
242f93a1-ab51-eb11-bb24-000d3ab8ddf9,LoadTest Org 9,7009,,
262f93a1-ab51-eb11-bb24-000d3ab8ddf9,LoadTest Org 10,7010,,
282f93a1-ab51-eb11-bb24-000d3ab8ddf9,LoadTest Org 11,7011,,
2a2f93a1-ab51-eb11-bb24-000d3ab8ddf9,LoadTest Org 12,7012,,
2c2f93a1-ab51-eb11-bb24-000d3ab8ddf9,LoadTest Org 13,7013,,
2e2f93a1-ab51-eb11-bb24-000d3ab8ddf9,LoadTest Org 14,7014,,
302f93a1-ab51-eb11-bb24-000d3ab8ddf9,LoadTest Org 15,7015,,
322f93a1-ab51-eb11-bb24-000d3ab8ddf9,LoadTest Org 16,7016,,
342f93a1-ab51-eb11-bb24-000d3ab8ddf9,LoadTest Org 17,7017,,
362f93a1-ab51-eb11-bb24-000d3ab8ddf9,LoadTest Org 18,7018,,
382f93a1-ab51-eb11-bb24-000d3ab8ddf9,LoadTest Org 19,7019,,
3a2f93a1-ab51-eb11-bb24-000d3ab8ddf9,LoadTest Org 20,7020,,
3c2f93a1-ab51-eb11-bb24-000d3ab8ddf9,LoadTest Org 21,7021,,
3e2f93a1-ab51-eb11-bb24-000d3ab8ddf9,LoadTest Org 22,7022,,
402f93a1-ab51-eb11-bb24-000d3ab8ddf9,LoadTest Org 23,7023,,
422f93a1-ab51-eb11-bb24-000d3ab8ddf9,LoadTest Org 24,7024,,
442f93a1-ab51-eb11-bb24-000d3ab8ddf9,LoadTest Org 25,7025,,
462f93a1-ab51-eb11-bb24-000d3ab8ddf9,LoadTest Org 26,7026,,
482f93a1-ab51-eb11-bb24-000d3ab8ddf9,LoadTest Org 27,7027,,
4a2f93a1-ab51-eb11-bb24-000d3ab8ddf9,LoadTest Org 28,7028,,
4c2f93a1-ab51-eb11-bb24-000d3ab8ddf9,LoadTest Org 29,7029,,
4e2f93a1-ab51-eb11-bb24-000d3ab8ddf9,LoadTest Org 30,7030,,
502f93a1-ab51-eb11-bb24-000d3ab8ddf9,LoadTest Org 31,7031,,
522f93a1-ab51-eb11-bb24-000d3ab8ddf9,LoadTest Org 32,7032,,
542f93a1-ab51-eb11-bb24-000d3ab8ddf9,LoadTest Org 33,7033,,
562f93a1-ab51-eb11-bb24-000d3ab8ddf9,LoadTest Org 34,7034,,
582f93a1-ab51-eb11-bb24-000d3ab8ddf9,LoadTest Org 35,7035,,
5a2f93a1-ab51-eb11-bb24-000d3ab8ddf9,LoadTest Org 36,7036,,
5c2f93a1-ab51-eb11-bb24-000d3ab8ddf9,LoadTest Org 37,7037,,
5e2f93a1-ab51-eb11-bb24-000d3ab8ddf9,LoadTest Org 38,7038,,
602f93a1-ab51-eb11-bb24-000d3ab8ddf9,LoadTest Org 39,7039,,
622f93a1-ab51-eb11-bb24-000d3ab8ddf9,LoadTest Org 40,7040,,
642f93a1-ab51-eb11-bb24-000d3ab8ddf9,LoadTest Org 41,7041,,
662f93a1-ab51-eb11-bb24-000d3ab8ddf9,LoadTest Org 42,7042,,
682f93a1-ab51-eb11-bb24-000d3ab8ddf9,LoadTest Org 43,7043,,
6a2f93a1-ab51-eb11-bb24-000d3ab8ddf9,LoadTest Org 44,7044,,
6c2f93a1-ab51-eb11-bb24-000d3ab8ddf9,LoadTest Org 45,7045,,
6e2f93a1-ab51-eb11-bb24-000d3ab8ddf9,LoadTest Org 46,7046,,
702f93a1-ab51-eb11-bb24-000d3ab8ddf9,LoadTest Org 47,7047,,
722f93a1-ab51-eb11-bb24-000d3ab8ddf9,LoadTest Org 48,7048,,
742f93a1-ab51-eb11-bb24-000d3ab8ddf9,LoadTest Org 49,7049,,
762f93a1-ab51-eb11-bb24-000d3ab8ddf9,LoadTest Org 50,7050,,
782f93a1-ab51-eb11-bb24-000d3ab8ddf9,LoadTest Org 51,7051,,
7a2f93a1-ab51-eb11-bb24-000d3ab8ddf9,LoadTest Org 52,7052,,
7c2f93a1-ab51-eb11-bb24-000d3ab8ddf9,LoadTest Org 53,7053,,
7e2f93a1-ab51-eb11-bb24-000d3ab8ddf9,LoadTest Org 54,7054,,
802f93a1-ab51-eb11-bb24-000d3ab8ddf9,LoadTest Org 55,7055,,
822f93a1-ab51-eb11-bb24-000d3ab8ddf9,LoadTest Org 56,7056,,
842f93a1-ab51-eb11-bb24-000d3ab8ddf9,LoadTest Org 57,7057,,
862f93a1-ab51-eb11-bb24-000d3ab8ddf9,LoadTest Org 58,7058,,
882f93a1-ab51-eb11-bb24-000d3ab8ddf9,LoadTest Org 59,7059,,
8a2f93a1-ab51-eb11-bb24-000d3ab8ddf9,LoadTest Org 60,7060,,
8c2f93a1-ab51-eb11-bb24-000d3ab8ddf9,LoadTest Org 61,7061,,
8e2f93a1-ab51-eb11-bb24-000d3ab8ddf9,LoadTest Org 62,7062,,
902f93a1-ab51-eb11-bb24-000d3ab8ddf9,LoadTest Org 63,7063,,
922f93a1-ab51-eb11-bb24-000d3ab8ddf9,LoadTest Org 64,7064,,
942f93a1-ab51-eb11-bb24-000d3ab8ddf9,LoadTest Org 65,7065,,
962f93a1-ab51-eb11-bb24-000d3ab8ddf9,LoadTest Org 66,7066,,
982f93a1-ab51-eb11-bb24-000d3ab8ddf9,LoadTest Org 67,7067,,
9a2f93a1-ab51-eb11-bb24-000d3ab8ddf9,LoadTest Org 68,7068,,
9c2f93a1-ab51-eb11-bb24-000d3ab8ddf9,LoadTest Org 69,7069,,
9f2f93a1-ab51-eb11-bb24-000d3ab8ddf9,LoadTest Org 70,7070,,
a12f93a1-ab51-eb11-bb24-000d3ab8ddf9,LoadTest Org 71,7071,,
a32f93a1-ab51-eb11-bb24-000d3ab8ddf9,LoadTest Org 72,7072,,
a52f93a1-ab51-eb11-bb24-000d3ab8ddf9,LoadTest Org 73,7073,,
a72f93a1-ab51-eb11-bb24-000d3ab8ddf9,LoadTest Org 74,7074,,
a92f93a1-ab51-eb11-bb24-000d3ab8ddf9,LoadTest Org 75,7075,,
ab2f93a1-ab51-eb11-bb24-000d3ab8ddf9,LoadTest Org 76,7076,,
ad2f93a1-ab51-eb11-bb24-000d3ab8ddf9,LoadTest Org 77,7077,,
af2f93a1-ab51-eb11-bb24-000d3ab8ddf9,LoadTest Org 78,7078,,
b12f93a1-ab51-eb11-bb24-000d3ab8ddf9,LoadTest Org 79,7079,,
b32f93a1-ab51-eb11-bb24-000d3ab8ddf9,LoadTest Org 80,7080,,
b52f93a1-ab51-eb11-bb24-000d3ab8ddf9,LoadTest Org 81,7081,,
b72f93a1-ab51-eb11-bb24-000d3ab8ddf9,LoadTest Org 82,7082,,
b92f93a1-ab51-eb11-bb24-000d3ab8ddf9,LoadTest Org 83,7083,,
bb2f93a1-ab51-eb11-bb24-000d3ab8ddf9,LoadTest Org 84,7084,,
bd2f93a1-ab51-eb11-bb24-000d3ab8ddf9,LoadTest Org 85,7085,,
bf2f93a1-ab51-eb11-bb24-000d3ab8ddf9,LoadTest Org 86,7086,,
c12f93a1-ab51-eb11-bb24-000d3ab8ddf9,LoadTest Org 87,7087,,
c32f93a1-ab51-eb11-bb24-000d3ab8ddf9,LoadTest Org 88,7088,,
c52f93a1-ab51-eb11-bb24-000d3ab8ddf9,LoadTest Org 89,7089,,
c72f93a1-ab51-eb11-bb24-000d3ab8ddf9,LoadTest Org 90,7090,,
c92f93a1-ab51-eb11-bb24-000d3ab8ddf9,LoadTest Org 91,7091,,
cb2f93a1-ab51-eb11-bb24-000d3ab8ddf9,LoadTest Org 92,7092,,
cd2f93a1-ab51-eb11-bb24-000d3ab8ddf9,LoadTest Org 93,7093,,
cf2f93a1-ab51-eb11-bb24-000d3ab8ddf9,LoadTest Org 94,7094,,
d12f93a1-ab51-eb11-bb24-000d3ab8ddf9,LoadTest Org 95,7095,,
d32f93a1-ab51-eb11-bb24-000d3ab8ddf9,LoadTest Org 96,7096,,
d52f93a1-ab51-eb11-bb24-000d3ab8ddf9,LoadTest Org 97,7097,,
d72f93a1-ab51-eb11-bb24-000d3ab8ddf9,LoadTest Org 98,7098,,
d92f93a1-ab51-eb11-bb24-000d3ab8ddf9,LoadTest Org 99,7099,,
db2f93a1-ab51-eb11-bb24-000d3ab8ddf9,LoadTest Org 100,7100,,
dd2f93a1-ab51-eb11-bb24-000d3ab8ddf9,LoadTest Org 101,7101,,
df2f93a1-ab51-eb11-bb24-000d3ab8ddf9,LoadTest Org 102,7102,,
e12f93a1-ab51-eb11-bb24-000d3ab8ddf9,LoadTest Org 103,7103,,
e32f93a1-ab51-eb11-bb24-000d3ab8ddf9,LoadTest Org 104,7104,,
e52f93a1-ab51-eb11-bb24-000d3ab8ddf9,LoadTest Org 105,7105,,
e72f93a1-ab51-eb11-bb24-000d3ab8ddf9,LoadTest Org 106,7106,,
e92f93a1-ab51-eb11-bb24-000d3ab8ddf9,LoadTest Org 107,7107,,
eb2f93a1-ab51-eb11-bb24-000d3ab8ddf9,LoadTest Org 108,7108,,
ed2f93a1-ab51-eb11-bb24-000d3ab8ddf9,LoadTest Org 109,7109,,
ef2f93a1-ab51-eb11-bb24-000d3ab8ddf9,LoadTest Org 110,7110,,
f12f93a1-ab51-eb11-bb24-000d3ab8ddf9,LoadTest Org 111,7111,,
f32f93a1-ab51-eb11-bb24-000d3ab8ddf9,LoadTest Org 112,7112,,
f52f93a1-ab51-eb11-bb24-000d3ab8ddf9,LoadTest Org 113,7113,,
f72f93a1-ab51-eb11-bb24-000d3ab8ddf9,LoadTest Org 114,7114,,
f92f93a1-ab51-eb11-bb24-000d3ab8ddf9,LoadTest Org 115,7115,,
fb2f93a1-ab51-eb11-bb24-000d3ab8ddf9,LoadTest Org 116,7116,,
fd2f93a1-ab51-eb11-bb24-000d3ab8ddf9,LoadTest Org 117,7117,,
ff2f93a1-ab51-eb11-bb24-000d3ab8ddf9,LoadTest Org 118,7118,,
013093a1-ab51-eb11-bb24-000d3ab8ddf9,LoadTest Org 119,7119,,
033093a1-ab51-eb11-bb24-000d3ab8ddf9,LoadTest Org 120,7120,,
053093a1-ab51-eb11-bb24-000d3ab8ddf9,LoadTest Org 121,7121,,
073093a1-ab51-eb11-bb24-000d3ab8ddf9,LoadTest Org 122,7122,,
093093a1-ab51-eb11-bb24-000d3ab8ddf9,LoadTest Org 123,7123,,
0b3093a1-ab51-eb11-bb24-000d3ab8ddf9,LoadTest Org 124,7124,,
0d3093a1-ab51-eb11-bb24-000d3ab8ddf9,LoadTest Org 125,7125,,
0f3093a1-ab51-eb11-bb24-000d3ab8ddf9,LoadTest Org 126,7126,,
113093a1-ab51-eb11-bb24-000d3ab8ddf9,LoadTest Org 127,7127,,
133093a1-ab51-eb11-bb24-000d3ab8ddf9,LoadTest Org 128,7128,,
153093a1-ab51-eb11-bb24-000d3ab8ddf9,LoadTest Org 129,7129,,
183093a1-ab51-eb11-bb24-000d3ab8ddf9,LoadTest Org 130,7130,,
1a3093a1-ab51-eb11-bb24-000d3ab8ddf9,LoadTest Org 131,7131,,
1c3093a1-ab51-eb11-bb24-000d3ab8ddf9,LoadTest Org 132,7132,,
1e3093a1-ab51-eb11-bb24-000d3ab8ddf9,LoadTest Org 133,7133,,
203093a1-ab51-eb11-bb24-000d3ab8ddf9,LoadTest Org 134,7134,,
223093a1-ab51-eb11-bb24-000d3ab8ddf9,LoadTest Org 135,7135,,
243093a1-ab51-eb11-bb24-000d3ab8ddf9,LoadTest Org 136,7136,,
263093a1-ab51-eb11-bb24-000d3ab8ddf9,LoadTest Org 137,7137,,
283093a1-ab51-eb11-bb24-000d3ab8ddf9,LoadTest Org 138,7138,,
2a3093a1-ab51-eb11-bb24-000d3ab8ddf9,LoadTest Org 139,7139,,
2c3093a1-ab51-eb11-bb24-000d3ab8ddf9,LoadTest Org 140,7140,,
2e3093a1-ab51-eb11-bb24-000d3ab8ddf9,LoadTest Org 141,7141,,
303093a1-ab51-eb11-bb24-000d3ab8ddf9,LoadTest Org 142,7142,,
323093a1-ab51-eb11-bb24-000d3ab8ddf9,LoadTest Org 143,7143,,
343093a1-ab51-eb11-bb24-000d3ab8ddf9,LoadTest Org 144,7144,,
363093a1-ab51-eb11-bb24-000d3ab8ddf9,LoadTest Org 145,7145,,
383093a1-ab51-eb11-bb24-000d3ab8ddf9,LoadTest Org 146,7146,,
3a3093a1-ab51-eb11-bb24-000d3ab8ddf9,LoadTest Org 147,7147,,
3c3093a1-ab51-eb11-bb24-000d3ab8ddf9,LoadTest Org 148,7148,,
3e3093a1-ab51-eb11-bb24-000d3ab8ddf9,LoadTest Org 149,7149,,
413093a1-ab51-eb11-bb24-000d3ab8ddf9,LoadTest Org 150,7150,,
2aba93dc-5298-eb11-b1ac-000d3ad982b7,Test Record,,,
81139603-a4cf-ed11-b596-000d3adeaad1,EvergreenApril23,,,
7e1e0760-305d-ee11-be6f-000d3adf72e3,EvergreenOct23,,,
597b44bd-4e75-ed11-81ab-000d3adf7643,Gibraltar Overseas Establishments,,708,
85dbfb3b-8444-ed11-bba3-000d3adf79ad,EvergreenSept,,,
7741b9e2-689b-eb11-b1ac-0022489a66f2,West Northamptonshire,,941,
0fc59b01-699b-eb11-b1ac-0022489a66f2,North Northamptonshire,,940,
ffa8cc87-4157-eb11-a812-0022489c571f,Automated Test Organisation150120211454,,,
edd84027-0168-e511-8180-005056010692,Elston Hall Primary School,3500743,3362112,
ee9e7311-1238-e511-8497-005056010692,Askwith Community Primary School 2,3500583,8152302,
2c0839b6-322e-e711-89be-005056010692,Mulberry School for Girls,3508128,2114242,
505633f5-8e46-e711-8d41-005056010692,Parc Eglos School,3508917,9082133,
5246552e-8f46-e711-8d41-005056010692,Walbottle Village Primary School,3508980,3912014,
f47d293d-225e-e711-8d41-005056010692,Bygrove Primary School,3508575,2112920,
7798476f-39d8-e411-9159-005056010692,The Cardinal Vaughan Memorial RC School,3401090,2075402,
c7d5b7cd-e6bf-e411-98f7-005056010692,"St John's CoE VC First School, Wimborne",3408736,835/3042,
ea2d04c6-9f16-e711-9e06-005056010692,Thomas Alleyne's High School,3508497,8604146,
9ed925be-6580-e511-9e8c-005056010692,St Clare's RC Primary School,3500829,8063347,
c47da6e5-ac57-e611-a5da-005056010692,Hempstalls Primary School 2,3502022,8602252,
6abf6fb0-b0c8-e511-a813-005056010692,Manor Primary School,3401033,3362072,
1471d777-f897-e511-adc3-005056010692,St Ives Primary & Nursery School,3500930,8382246,
1871d777-f897-e511-adc3-005056010692,Three Legged Cross First and Nursery School,3500937,8382038,
56137c9d-6e50-e511-aef6-005056010692,"St Francis Catholic Primary School, South Ascot",3500712,8683335,
f768a9a8-6e50-e511-aef6-005056010692,Cuckmere House School,3500471,8457036,
23daedae-6e50-e511-aef6-005056010692,Avenue Primary Academy,3500448,3192003,
a55d42bb-6e50-e511-aef6-005056010692,Yarlside Academy,3500571,9432522,
f1d7e4cd-6e50-e511-aef6-005056010692,Pound Hill Infant Academy,3500633,9382150,
48f0cafe-0870-e611-aef7-005056010692,Castle Hill: A Specialist College for Communication and Interaction,3500791,3827015,
e77af46a-0970-e611-aef7-005056010692,St Paul's Way Trust School,3507509,2114277,
3336bc1c-93b7-e611-b18d-005056010692,Broadmeadow Special School,3507832,3367011,
94a4581c-f0cf-e611-b18d-005056010692,Tor View School,3508088,8887092,
06be1658-b9b6-e311-8a4f-005056822390,Department for Education,1031237,101/101,
74c83b8a-b0c4-e311-8a4f-005056822390,MoD Schools,3000266,,
3a381c0d-e43f-e411-95b5-005056822390,North Chadderton School,3400418,3534027,
77fa228a-e63f-e411-95b5-005056822390,Denbigh School 1,,,
3f23c26f-6f49-e411-95b5-005056822390,Woodfield School,3202353,3047000,
1a75fa99-8a4e-e411-95b5-005056822390,St Clement's CofE Primary,3400617,8853388,
8108b1d5-b68a-e411-a03e-005056822390,Achieving for Children,3401061,,
65db3e82-c1ae-e311-b8ed-005056822391,Devon LA,1039256,878,
6adb3e82-c1ae-e311-b8ed-005056822391,Warrington LA,1038840,877,
6edb3e82-c1ae-e311-b8ed-005056822391,Gateshead LA,1033006,390,
71db3e82-c1ae-e311-b8ed-005056822391,Sandwell LA,1030418,333,
76db3e82-c1ae-e311-b8ed-005056822391,Leicestershire LA,1036811,855,
7bdb3e82-c1ae-e311-b8ed-005056822391,Rutland LA,1037232,857,
7edb3e82-c1ae-e311-b8ed-005056822391,Bracknell Forest LA,1038084,867,
81db3e82-c1ae-e311-b8ed-005056822391,Windsor and Maidenhead LA,1038102,868,
83db3e82-c1ae-e311-b8ed-005056822391,Peterborough LA,1038701,874,
88db3e82-c1ae-e311-b8ed-005056822391,Southend-on-Sea LA,1040153,882,
8ddb3e82-c1ae-e311-b8ed-005056822391,Worcestershire LA,1040318,885,
91db3e82-c1ae-e311-b8ed-005056822391,Lancashire LA,1041718,888,
14dc3e82-c1ae-e311-b8ed-005056822391,Somerset LA,1045227,933,
1cdc3e82-c1ae-e311-b8ed-005056822391,Cornwall LA,1042505,908,
20dc3e82-c1ae-e311-b8ed-005056822391,Poole LA,1035408,836,
24dc3e82-c1ae-e311-b8ed-005056822391,North Yorkshire LA,1034274,815,
26dc3e82-c1ae-e311-b8ed-005056822391,Lambeth LA,1027646,208,
28dc3e82-c1ae-e311-b8ed-005056822391,Hampshire LA,1036488,850,
2cdc3e82-c1ae-e311-b8ed-005056822391,York LA,1034317,816,
2fdc3e82-c1ae-e311-b8ed-005056822391,West Sussex LA,1046684,938,
32dc3e82-c1ae-e311-b8ed-005056822391,Durham LA,900147,840,
36dc3e82-c1ae-e311-b8ed-005056822391,East Riding of Yorkshire LA,1033808,811,
39dc3e82-c1ae-e311-b8ed-005056822391,Coventry LA,1030231,331,
3ddc3e82-c1ae-e311-b8ed-005056822391,Islington LA,1027490,206,
40dc3e82-c1ae-e311-b8ed-005056822391,Derbyshire LA,1034831,830,
43dc3e82-c1ae-e311-b8ed-005056822391,Warwickshire LA,1046528,937,
46dc3e82-c1ae-e311-b8ed-005056822391,Thurrock LA,1040164,883,
4bdc3e82-c1ae-e311-b8ed-005056822391,Kingston upon Hull LA,1033773,810,
4fdc3e82-c1ae-e311-b8ed-005056822391,Barnsley LA,1031974,370,
55dc3e82-c1ae-e311-b8ed-005056822391,Trafford LA,1035961,358,
5adc3e82-c1ae-e311-b8ed-005056822391,Birmingham LA,1030228,330,
61dc3e82-c1ae-e311-b8ed-005056822391,Lewisham LA,1027647,209,
66dc3e82-c1ae-e311-b8ed-005056822391,Hammersmith and Fulham LA,1027374,205,
6bdc3e82-c1ae-e311-b8ed-005056822391,Torbay LA,1039429,880,
70dc3e82-c1ae-e311-b8ed-005056822391,Wokingham LA,1038329,872,
75dc3e82-c1ae-e311-b8ed-005056822391,Reading LA,1038254,870,
7adc3e82-c1ae-e311-b8ed-005056822391,Stoke-on-Trent LA,1037634,861,
7edc3e82-c1ae-e311-b8ed-005056822391,Portsmouth LA,1036603,851,
81dc3e82-c1ae-e311-b8ed-005056822391,Stockton-on-Tees LA,1033714,808,
86dc3e82-c1ae-e311-b8ed-005056822391,North Somerset LA,1033483,802,
8cdc3e82-c1ae-e311-b8ed-005056822391,Bristol LA,1033317,801,
1add3e82-c1ae-e311-b8ed-005056822391,Dudley LA,1030417,332,
1fdd3e82-c1ae-e311-b8ed-005056822391,Liverpool LA,1030829,341,
24dd3e82-c1ae-e311-b8ed-005056822391,Leeds LA,1032731,383,
2ddd3e82-c1ae-e311-b8ed-005056822391,Middlesbrough LA,1033660,806,
3cdd3e82-c1ae-e311-b8ed-005056822391,Halton LA,1038828,876,
41dd3e82-c1ae-e311-b8ed-005056822391,Essex LA,1039530,881,
47dd3e82-c1ae-e311-b8ed-005056822391,Medway LA,1041233,887,
4add3e82-c1ae-e311-b8ed-005056822391,Nottinghamshire LA,1041953,891,
54dd3e82-c1ae-e311-b8ed-005056822391,Lincolnshire LA,1044065,925,
5add3e82-c1ae-e311-b8ed-005056822391,Bolton LA,1031166,350,
5ddd3e82-c1ae-e311-b8ed-005056822391,Oldham LA,1031451,353,
5fdd3e82-c1ae-e311-b8ed-005056822391,Tameside LA,1031762,357,
63dd3e82-c1ae-e311-b8ed-005056822391,Bradford LA,1032418,380,
66dd3e82-c1ae-e311-b8ed-005056822391,South Tyneside LA,1033128,393,
69dd3e82-c1ae-e311-b8ed-005056822391,Sunderland LA,1033168,394,
6cdd3e82-c1ae-e311-b8ed-005056822391,Isles of Scilly LA,1033173,420,
7cdd3e82-c1ae-e311-b8ed-005056822391,Isle of Man Offshore Establishments,1047698,705,
82dd3e82-c1ae-e311-b8ed-005056822391,Guernsey Offshore Establishments - 706,1047699,706,
86dd3e82-c1ae-e311-b8ed-005056822391,Jersey Offshore Establishments,1047700,707,
8add3e82-c1ae-e311-b8ed-005056822391,Gibraltar Overseas Establishments 2,3000264,709,
8ddd3e82-c1ae-e311-b8ed-005056822391,Buckinghamshire Local Authority,1034531,825,
91dd3e82-c1ae-e311-b8ed-005056822391,Dorset LA,1035173,835,
96dd3e82-c1ae-e311-b8ed-005056822391,Darlington LA,1035594,841,
a2dd3e82-c1ae-e311-b8ed-005056822391,Brent LA,1028336,304,
a7dd3e82-c1ae-e311-b8ed-005056822391,Redcar and Cleveland LA,1033691,807,
abdd3e82-c1ae-e311-b8ed-005056822391,Kingston upon Thames LA,1029368,314,
afdd3e82-c1ae-e311-b8ed-005056822391,Derby LA,1035143,831,
b3dd3e82-c1ae-e311-b8ed-005056822391,Gloucestershire LA,1043279,916,
b5dd3e82-c1ae-e311-b8ed-005056822391,Northamptonshire LA,1044758,928,
b8dd3e82-c1ae-e311-b8ed-005056822391,Hackney LA,1027359,204,
b9dd3e82-c1ae-e311-b8ed-005056822391,Westminster LA,1028015,213,
bbdd3e82-c1ae-e311-b8ed-005056822391,Bromley LA,1028597,305,
c1dd3e82-c1ae-e311-b8ed-005056822391,Croydon LA,1028598,306,
c7dd3e82-c1ae-e311-b8ed-005056822391,Haringey LA,1029009,309,
cbdd3e82-c1ae-e311-b8ed-005056822391,Hounslow LA,1029367,313,
d0dd3e82-c1ae-e311-b8ed-005056822391,Wolverhampton LA,1030667,336,
d4dd3e82-c1ae-e311-b8ed-005056822391,Sefton LA,1030956,343,
d9dd3e82-c1ae-e311-b8ed-005056822391,Bury LA,1031173,351,
dddd3e82-c1ae-e311-b8ed-005056822391,Wirral LA,1030965,344,
e1dd3e82-c1ae-e311-b8ed-005056822391,Merton LA,1029494,315,
e4dd3e82-c1ae-e311-b8ed-005056822391,Southwark LA,1027830,210,
e6dd3e82-c1ae-e311-b8ed-005056822391,Sutton LA,1029822,319,
e9dd3e82-c1ae-e311-b8ed-005056822391,East Sussex LA,1035818,845,
eadd3e82-c1ae-e311-b8ed-005056822391,Newcastle upon Tyne LA,1033033,391,
eddd3e82-c1ae-e311-b8ed-005056822391,Richmond upon Thames LA,1029655,318,
f1dd3e82-c1ae-e311-b8ed-005056822391,Northumberland LA,1044795,929,
f2dd3e82-c1ae-e311-b8ed-005056822391,Plymouth LA,1039323,879,
f5dd3e82-c1ae-e311-b8ed-005056822391,Leicester LA,1037185,856,
f8dd3e82-c1ae-e311-b8ed-005056822391,North East Lincolnshire LA,1033944,812,
fbdd3e82-c1ae-e311-b8ed-005056822391,Hartlepool LA,1033648,805,
ffdd3e82-c1ae-e311-b8ed-005056822391,South Gloucestershire LA,1033542,803,
90de3e82-c1ae-e311-b8ed-005056822391,Sheffield LA,1032172,373,
95de3e82-c1ae-e311-b8ed-005056822391,Stockport LA,1031647,356,
9bde3e82-c1ae-e311-b8ed-005056822391,Salford LA,1031565,355,
9fde3e82-c1ae-e311-b8ed-005056822391,Redbridge LA,1029645,317,
a3de3e82-c1ae-e311-b8ed-005056822391,Hillingdon LA,1029219,312,
a8de3e82-c1ae-e311-b8ed-005056822391,Blackpool LA,1041917,890,
adde3e82-c1ae-e311-b8ed-005056822391,West Berkshire LA,1038239,869,
b2de3e82-c1ae-e311-b8ed-005056822391,Swindon LA,1037979,866,
b7de3e82-c1ae-e311-b8ed-005056822391,Staffordshire LA,1037504,860,
bbde3e82-c1ae-e311-b8ed-005056822391,Southampton LA,1036748,852,
bfde3e82-c1ae-e311-b8ed-005056822391,Bournemouth LA,1035427,837,
c7de3e82-c1ae-e311-b8ed-005056822391,Knowsley LA,1030668,340,
cbde3e82-c1ae-e311-b8ed-005056822391,Solihull LA,1030571,334,
cfde3e82-c1ae-e311-b8ed-005056822391,Newham LA,1029495,316,
d3de3e82-c1ae-e311-b8ed-005056822391,Barnet LA,1028128,302,
d7de3e82-c1ae-e311-b8ed-005056822391,Greenwich LA,1027217,203,
dbde3e82-c1ae-e311-b8ed-005056822391,Norfolk LA,1044173,926,
dfde3e82-c1ae-e311-b8ed-005056822391,Telford and Wrekin LA,1042473,894,
e1de3e82-c1ae-e311-b8ed-005056822391,Shropshire LA,1042275,893,
e4de3e82-c1ae-e311-b8ed-005056822391,Nottingham LA,1042246,892,
e7de3e82-c1ae-e311-b8ed-005056822391,Cambridgeshire LA,1038649,873,
ecde3e82-c1ae-e311-b8ed-005056822391,Wigan LA,1031951,359,
f0de3e82-c1ae-e311-b8ed-005056822391,Walsall LA,1030572,335,
f5de3e82-c1ae-e311-b8ed-005056822391,Enfield LA,1028839,308,
f8de3e82-c1ae-e311-b8ed-005056822391,Oxfordshire LA,1045175,931,
fbde3e82-c1ae-e311-b8ed-005056822391,Cumbria LA,1042771,909,
fede3e82-c1ae-e311-b8ed-005056822391,Wakefield LA,1032920,384,
00df3e82-c1ae-e311-b8ed-005056822391,Calderdale LA,1032439,381,
05df3e82-c1ae-e311-b8ed-005056822391,Slough LA,1038315,871,
0bdf3e82-c1ae-e311-b8ed-005056822391,Rochdale LA,1031553,354,
0fdf3e82-c1ae-e311-b8ed-005056822391,Manchester LA,1031356,352,
13df3e82-c1ae-e311-b8ed-005056822391,St Helens LA,1030831,342,
17df3e82-c1ae-e311-b8ed-005056822391,Camden LA,1027214,202,
1ddf3e82-c1ae-e311-b8ed-005056822391,Suffolk LA,1045750,935,
21df3e82-c1ae-e311-b8ed-005056822391,North Tyneside LA,1033120,392,
23df3e82-c1ae-e311-b8ed-005056822391,Havering LA,1029202,311,
26df3e82-c1ae-e311-b8ed-005056822391,Wiltshire LA,1037898,865,
29df3e82-c1ae-e311-b8ed-005056822391,Kirklees LA,1032551,382,
2cdf3e82-c1ae-e311-b8ed-005056822391,Surrey LA,1045901,936,
2fdf3e82-c1ae-e311-b8ed-005056822391,Hertfordshire LA,1043616,919,
32df3e82-c1ae-e311-b8ed-005056822391,Blackburn with Darwen LA,1045927,889,
35df3e82-c1ae-e311-b8ed-005056822391,Brighton and Hove LA,1035895,846,
38df3e82-c1ae-e311-b8ed-005056822391,North Lincolnshire LA,1033964,813,
3cdf3e82-c1ae-e311-b8ed-005056822391,Tower Hamlets LA,1027831,211,
40df3e82-c1ae-e311-b8ed-005056822391,Kent LA,1041121,886,
42df3e82-c1ae-e311-b8ed-005056822391,Herefordshire LA,1040279,884,
45df3e82-c1ae-e311-b8ed-005056822391,Luton LA,1034450,821,
49df3e82-c1ae-e311-b8ed-005056822391,Doncaster LA,1032072,371,
4cdf3e82-c1ae-e311-b8ed-005056822391,Isle of Wight LA,1043777,921,
4edf3e82-c1ae-e311-b8ed-005056822391,Milton Keynes LA,1034787,826,
50df3e82-c1ae-e311-b8ed-005056822391,Rotherham LA,1032149,372,
be953988-c1ae-e311-b8ed-005056822391,City of London LA,1027143,201,
f1953988-c1ae-e311-b8ed-005056822391,Kensington and Chelsea LA,1027491,207,
f5953988-c1ae-e311-b8ed-005056822391,Wandsworth LA,1028006,212,
fc953988-c1ae-e311-b8ed-005056822391,Barking and Dagenham LA,1028127,301,
01963988-c1ae-e311-b8ed-005056822391,Bexley LA,1028322,303,
4c963988-c1ae-e311-b8ed-005056822391,Ealing LA,1032919,307,
4d963988-c1ae-e311-b8ed-005056822391,Harrow LA,1029010,310,
50963988-c1ae-e311-b8ed-005056822391,Waltham Forest LA,1029823,320,
42fe249a-c1ae-e311-b8ed-005056822391,Two Mile Ash School,1014631,8265207,
485d06b2-c1ae-e311-b8ed-005056822391,Great Sankey High School 1,,,
adb3feb7-c1ae-e311-b8ed-005056822391,Pallister Park Primary School 2,,,
44b4feb7-c1ae-e311-b8ed-005056822391,St Bede's Catholic Primary School,3400632,8073307,
a264efc3-c1ae-e311-b8ed-005056822391,Grasslot Infant School,1024031,9422117,
c165efc3-c1ae-e311-b8ed-005056822391,Warren Junior School,1005347,3012055,
cbb8e7c9-c1ae-e311-b8ed-005056822391,Wreay CofE Primary School,1024145,9093037,
d472e2cf-c1ae-e311-b8ed-005056822391,The Sydney Russell School,3400841,3014028,
f8cbdad5-c1ae-e311-b8ed-005056822391,Osmaston CofE (VC) Primary School,1014929,8303077,
2679cbe1-c1ae-e311-b8ed-005056822391,Woolacombe School,1019400,8782253,
188cbeed-c1ae-e311-b8ed-005056822391,Three Legged Cross First School,1015240,8352038,
338dbeed-c1ae-e311-b8ed-005056822391,St Ives Primary School,1015258,8352246,
8be4b6f3-c1ae-e311-b8ed-005056822391,Linwood School,1015505,8397012,
cb3f980b-c2ae-e311-b8ed-005056822391,St Richard's Catholic College,1016028,8454606,
22ee8817-c2ae-e311-b8ed-005056822391,Byron Court Primary School,1005642,3042006,
4645811d-c2ae-e311-b8ed-005056822391,St Peter's Catholic Primary School,1020197,8813471,
ee5d5d3b-c2ae-e311-b8ed-005056822391,Wildern School,1016609,8504127,
705f5d3b-c2ae-e311-b8ed-005056822391,Bitterne Park School,1016903,8524278,
e00e4e47-c2ae-e311-b8ed-005056822391,Woodrush High School,1020885,8854017,
60692f5f-c2ae-e311-b8ed-005056822391,The Hertfordshire & Essex High School and Science College,3202344,9195420,
f06f1871-c2ae-e311-b8ed-005056822391,Northfleet Nursery School,1020959,8861001,
12cdf988-c2ae-e311-b8ed-005056822391,Ifield School,1021631,8867039,
30d4e29a-c2ae-e311-b8ed-005056822391,The Hollins,1022305,8884195,
a6d9cbac-c2ae-e311-b8ed-005056822391,Ashmount School,1017274,8557006,
59e69dd0-c2ae-e311-b8ed-005056822391,Brompton-on-Swale Church of England Primary School,1013634,8153015,
62447fe8-c2ae-e311-b8ed-005056822391,Ponteland High School,1026699,9294426,
1d553a1e-c3ae-e311-b8ed-005056822391,Hempstalls Primary School 1,1017508,8602253,
b96d163c-c3ae-e311-b8ed-005056822391,Kingsmead Primary School,1000225,2042779,
bcc50e42-c3ae-e311-b8ed-005056822391,"Salesian School, Chertsey",3510895,936/5412,
51cbf753-c3ae-e311-b8ed-005056822391,Grazebrook Primary School,1000233,2042864,
7e8ca395-c3ae-e311-b8ed-005056822391,St Angela's Ursuline School,1006903,3164600,
06e32afb-c3ae-e311-b8ed-005056822391,Truro and Penwith College,3300807,9088005,
33931b07-c4ae-e311-b8ed-005056822391,West Jesmond Primary School,1011948,3912033,
36e8a26c-c4ae-e311-b8ed-005056822391,The Arthur Terry School,1007627,330/4307,
466b32c6-c4ae-e311-b8ed-005056822391,Lindens Primary School,1008266,3352235,
32759114-c6ae-e311-b8ed-005056822391,Kingswood Primary School,1004719,2082359,
d494772c-c6ae-e311-b8ed-005056822391,Middleton Technology School,3507477,3544091,
29436838-c6ae-e311-b8ed-005056822391,Vauxhall Primary School,1004726,2082617,
974b514a-c6ae-e311-b8ed-005056822391,St Patrick's RC High School,1009773,3554616,
6c62f591-c6ae-e311-b8ed-005056822391,Worsbrough Common Primary School,1010295,3702053,
de63f591-c6ae-e311-b8ed-005056822391,Hawthorns School 2,,,
a7c6bfbb-c6ae-e311-b8ed-005056822391,Sale High School,1010117,358/5402,
63c7bfbb-c6ae-e311-b8ed-005056822391,Loreto Grammar School,1010124,3585901,
9523a1d3-c6ae-e311-b8ed-005056822391,Blackburn the Redeemer CofE Primary,1022512,8893998,
e41a5791-c7ae-e311-b8ed-005056822391,EMMANUEL COLLEGE,1011910,3906900,
6ae042bb-c7ae-e311-b8ed-005056822391,Independent Schools Teacher Induction Panel (Istip),3000001,150,
abf135c7-c7ae-e311-b8ed-005056822391,Bath Spa University,3400000,800null,
324915f7-c7ae-e311-b8ed-005056822391,Birley Spa Community Primary School,1010712,3732323,
406efb0e-c8ae-e311-b8ed-005056822391,John Jamieson School,4001698,3837015,
86cec538-c8ae-e311-b8ed-005056822391,St Mary Redcliffe and Temple School,1012563,8014603,
1228be3e-c8ae-e311-b8ed-005056822391,Swiss Cottage School - Development & Research Centre,1000096,2027205,
35632e87-c9ae-e311-b8ed-005056822391,Education Workforce Council,3000131,PB100167,
416a1799-c9ae-e311-b8ed-005056822391,High View Primary Learning Centre,3500866,370/3323,
5c84fbc8-c9ae-e311-b8ed-005056822391,Tauheedul Islam Girls' High School,3400738,8894800,
be39d5e6-c9ae-e311-b8ed-005056822391,Cheshire West and Chester LA,1047602,896,
c239d5e6-c9ae-e311-b8ed-005056822391,Cheshire East LA,1047276,895,
c839d5e6-c9ae-e311-b8ed-005056822391,Central Bedfordshire LA,1047251,823,
cd39d5e6-c9ae-e311-b8ed-005056822391,Bedford LA,1003930,822,
1f3bd5e6-c9ae-e311-b8ed-005056822391,Bristol Metropolitan Academy,1012595,8016913,
223bd5e6-c9ae-e311-b8ed-005056822391,Outwood Grange Academy,1011819,3846905,
663cd5e6-c9ae-e311-b8ed-005056822391,Ormiston Venture Academy,1026180,9266908,
6494cdec-c9ae-e311-b8ed-005056822391,Dr Challoner's Grammar School,1014464,8254504,
a394cdec-c9ae-e311-b8ed-005056822391,The Greetland Academy,1011087,3812049,
e694cdec-c9ae-e311-b8ed-005056822391,The Morley Academy,1011617,3834101,
95e7c5f2-c9ae-e311-b8ed-005056822391,Trenance Learning Academy,1023789,9082409,
b2e7c5f2-c9ae-e311-b8ed-005056822391,John Taylor High School,1017749,8604061,
bae7c5f2-c9ae-e311-b8ed-005056822391,Green Lane Primary Academy,1011429,3832396,
4fe8c5f2-c9ae-e311-b8ed-005056822391,"Tudor Grange Academy, Solihull",1008187,3344014,
abe8c5f2-c9ae-e311-b8ed-005056822391,Uffculme School,1019643,8785405,
cfe8c5f2-c9ae-e311-b8ed-005056822391,Broadclyst Community Primary School,1019299,8782004,
53e9c5f2-c9ae-e311-b8ed-005056822391,Westcliff High School for Girls,1020501,8825423,
80e9c5f2-c9ae-e311-b8ed-005056822391,Thornden School,1016633,8504175,
82e9c5f2-c9ae-e311-b8ed-005056822391,Sir Joseph Williamson's Mathematical School,1021739,8874530,
96e9c5f2-c9ae-e311-b8ed-005056822391,Ringwood School Academy,1016664,8505403,
c4e9c5f2-c9ae-e311-b8ed-005056822391,Ripley St Thomas Church of England Academy,1022334,8884689,
f6e9c5f2-c9ae-e311-b8ed-005056822391,The Hermitage Academy,1015755,8404054,
20eac5f2-c9ae-e311-b8ed-005056822391,Hodgson Academy,1022279,8884010,
37eac5f2-c9ae-e311-b8ed-005056822391,Wycombe High School,1014463,8254503,
59eac5f2-c9ae-e311-b8ed-005056822391,The Polesworth School,1028483,9374112,
f6eac5f2-c9ae-e311-b8ed-005056822391,Prince Henry's High School,1020922,8855403,
97ebc5f2-c9ae-e311-b8ed-005056822391,Ryders Hayes School,1008262,3352224,
a9ebc5f2-c9ae-e311-b8ed-005056822391,Bohunt School,1016667,8505407,
adebc5f2-c9ae-e311-b8ed-005056822391,Hayes School,1005821,3055407,
c6ebc5f2-c9ae-e311-b8ed-005056822391,Twynham School,1015358,8394177,
23ecc5f2-c9ae-e311-b8ed-005056822391,The Appleton School,1020349,8815418,
40ecc5f2-c9ae-e311-b8ed-005056822391,Dane Court Grammar School - 5460,1017631,886/5460,
f53ebef8-c9ae-e311-b8ed-005056822391,Debden Park High School,1020244,8814001,
373fbef8-c9ae-e311-b8ed-005056822391,Cranford Community College,1006658,3134029,
733fbef8-c9ae-e311-b8ed-005056822391,Glyn School,1028129,9365404,
833fbef8-c9ae-e311-b8ed-005056822391,Catmose College,1017425,8575406,
6940bef8-c9ae-e311-b8ed-005056822391,Barr Beacon School,1008325,3355406,
cf41bef8-c9ae-e311-b8ed-005056822391,Whitley Academy,1007857,3314044,
a042bef8-c9ae-e311-b8ed-005056822391,Oasis Academy Limeside,1009472,3532017,
1a43bef8-c9ae-e311-b8ed-005056822391,Keswick School,1024308,9425414,
c443bef8-c9ae-e311-b8ed-005056822391,West Thornton Primary Academy,1005878,3062046,
ea96b6fe-c9ae-e311-b8ed-005056822391,Holmes Chapel Comprehensive School,1023484,8954165,
7398b6fe-c9ae-e311-b8ed-005056822391,Sir Robert Geffery's Voluntary Aided Church of England Primary School,1023923,9083876,
9498b6fe-c9ae-e311-b8ed-005056822391,"Shelley College, A Share Academy",1011346,3824049,
c899b6fe-c9ae-e311-b8ed-005056822391,Altrincham Grammar School for Girls,1010121,3585407,
8d9ab6fe-c9ae-e311-b8ed-005056822391,Leventhorpe,1025177,9195416,
b4edae04-caae-e311-b8ed-005056822391,The Thomas Hardye School,1015375,8384615,
74f0ae04-caae-e311-b8ed-005056822391,St Peter's CofE Academy,1017951,8614000,
7ef1ae04-caae-e311-b8ed-005056822391,Carmel College,1015839,8414603,
90f1ae04-caae-e311-b8ed-005056822391,Harris Academy Chafford Hundred,1020563,8834394,
99f1ae04-caae-e311-b8ed-005056822391,Mount Street Academy,1025657,9255227,
d4f1ae04-caae-e311-b8ed-005056822391,Bourne Westfield Primary Academy,1025369,9252072,
32f2ae04-caae-e311-b8ed-005056822391,Alexandra Park School,1006297,3094036,
6cf2ae04-caae-e311-b8ed-005056822391,Burton Morewood CofE Primary School,1024146,9433052,
1245a70a-caae-e311-b8ed-005056822391,Rowena Academy,1010402,3712108,
7145a70a-caae-e311-b8ed-005056822391,The Streetly Academy,1008319,3355400,
7345a70a-caae-e311-b8ed-005056822391,Sacred Heart Catholic High School,1012008,3914716,
0746a70a-caae-e311-b8ed-005056822391,Blackpool Church of England Primary School,1019522,8783102,
1d47a70a-caae-e311-b8ed-005056822391,Tarleton Academy,1022302,8884178,
5047a70a-caae-e311-b8ed-005056822391,Coombe Girls' School,1006719,3144004,
b447a70a-caae-e311-b8ed-005056822391,The Farnley Academy,1011605,3834026,
2d48a70a-caae-e311-b8ed-005056822391,Forest Way School,1017275,8557008,
b648a70a-caae-e311-b8ed-005056822391,Sacred Heart High School,1004527,2054620,
d548a70a-caae-e311-b8ed-005056822391,Bartholomew School,1026992,9314054,
9749a70a-caae-e311-b8ed-005056822391,Tregonwell Academy,1015506,8397021,
809c9f10-caae-e311-b8ed-005056822391,Lyons Hall School,1019914,8812080,
c29c9f10-caae-e311-b8ed-005056822391,St James the Great RC Primary and Nursery School,1005952,3065201,
f59c9f10-caae-e311-b8ed-005056822391,Witham St Hughs Academy,1025591,9253506,
fa9c9f10-caae-e311-b8ed-005056822391,Chepping View Primary Academy,1014343,8252229,
7a9f9f10-caae-e311-b8ed-005056822391,Northampton School for Boys,1026496,9415404,
819f9f10-caae-e311-b8ed-005056822391,Brooke Weston Academy,1026531,9406907,
8d9f9f10-caae-e311-b8ed-005056822391,Healing Academy,1013364,8124084,
939f9f10-caae-e311-b8ed-005056822391,Askwith Community Primary School 1,,815/2302,
cc9f9f10-caae-e311-b8ed-005056822391,Outwood Academy Portland,1022888,8914012,
36a09f10-caae-e311-b8ed-005056822391,Notre Dame High School,1006753,373/5400,
6ea09f10-caae-e311-b8ed-005056822391,The Academy at Shotton Hall,1015775,8404215,
71a09f10-caae-e311-b8ed-005056822391,Thomas Telford School,1023346,8946900,
75a09f10-caae-e311-b8ed-005056822391,Thomas Estley Community College,1017226,8554057,
77a09f10-caae-e311-b8ed-005056822391,Drove Primary School,1018248,8662002,
61a19f10-caae-e311-b8ed-005056822391,St Bernard's Catholic High School,1010634,3724800,
c6f49716-caae-e311-b8ed-005056822391,George Abbot School,1024315,936/4456,
dff49716-caae-e311-b8ed-005056822391,Oldway Primary School,3500874,880/2438,
e6f49716-caae-e311-b8ed-005056822391,Hammond Academy,1024872,9192337,
16f59716-caae-e311-b8ed-005056822391,Harrogate Grammar School,1013811,8154200,
41f69716-caae-e311-b8ed-005056822391,Staniland Academy,1025464,9252239,
b1f69716-caae-e311-b8ed-005056822391,Painsley Catholic College,1017801,8604610,
9ef79716-caae-e311-b8ed-005056822391,Latchmere School,1006693,3142014,
04f89716-caae-e311-b8ed-005056822391,Portswood Primary School,1016852,8522421,
3cf89716-caae-e311-b8ed-005056822391,"Queen Elizabeth's Grammar School, Horncastle",1025671,9255411,
764d901c-caae-e311-b8ed-005056822391,Pool Academy,1023958,9084163,
7a4d901c-caae-e311-b8ed-005056822391,Denbigh School 2,1014636,8265410,
ee4d901c-caae-e311-b8ed-005056822391,Backwell School,1012671,8024129,
f94d901c-caae-e311-b8ed-005056822391,The Wroxham School,1025154,9195206,
054e901c-caae-e311-b8ed-005056822391,Penrice Academy,1023952,9084156,
0b4e901c-caae-e311-b8ed-005056822391,Queen Elizabeth School,1024305,9435411,
ac4e901c-caae-e311-b8ed-005056822391,Belleville Primary School,1005135,2122040,
b04e901c-caae-e311-b8ed-005056822391,Southfields Academy,1005197,2125405,
bd4e901c-caae-e311-b8ed-005056822391,King Ecgbert School,1010780,3734230,
9c4f901c-caae-e311-b8ed-005056822391,"St Thomas of Canterbury School, a Catholic Voluntary Academy",1010763,3733414,
aa4f901c-caae-e311-b8ed-005056822391,Belgrave St Bartholomew's Academy,1017878,8612001,
ae4f901c-caae-e311-b8ed-005056822391,Ashton-on-Mersey School,1010116,3585401,
b44f901c-caae-e311-b8ed-005056822391,Broadstone First School,3400424,836/2151,
2aa38822-caae-e311-b8ed-005056822391,Dilkes Academy,2000615,8832622,
41a38822-caae-e311-b8ed-005056822391,Eaton Hall Specialist Academy,2000610,9267015,
5da38822-caae-e311-b8ed-005056822391,West Hill School,1028264,9367025,
70a38822-caae-e311-b8ed-005056822391,"St John the Baptist Catholic Comprehensive School, Woking",1028127,9365402,
74a38822-caae-e311-b8ed-005056822391,Harris City Academy Crystal Palace,1005992,3066906,
7ea38822-caae-e311-b8ed-005056822391,Weydon School,1028077,9364151,
85a38822-caae-e311-b8ed-005056822391,Old Ford Primary - A Paradigm Academy,2001566,2112001,
35a58822-caae-e311-b8ed-005056822391,St John Plessington Catholic College,2000562,3444605,
a4a58822-caae-e311-b8ed-005056822391,Challney High School for Boys,1014000,8214102,
2fa68822-caae-e311-b8ed-005056822391,Great Sankey High School 2,2000645,8774206,
17a78822-caae-e311-b8ed-005056822391,All Saints Catholic School and Technology College,1005382,3014703,
1da78822-caae-e311-b8ed-005056822391,South Farnham School,1027908,9362479,
53a78822-caae-e311-b8ed-005056822391,Platt Bridge Community  School,2000798,3593436,
d7fb8028-caae-e311-b8ed-005056822391,King Edward VI High School for Girls,1007683,3306077,
26fc8028-caae-e311-b8ed-005056822391,Outwood Primary Academy Kirkhamgate,2000725,3842003,
1ffd8028-caae-e311-b8ed-005056822391,The Quay School,2000989,8391100,
fdfd8028-caae-e311-b8ed-005056822391,St Joseph's College,1017964,8615901,
18fe8028-caae-e311-b8ed-005056822391,St Joseph's Catholic Primary School,1016656,8505204,
1ffe8028-caae-e311-b8ed-005056822391,Wigmore School,1020669,8844046,
7251792e-caae-e311-b8ed-005056822391,St Thomas More Catholic School,2001008,8224605,
8351792e-caae-e311-b8ed-005056822391,Collingwood Primary School,2001216,8102901,
8e51792e-caae-e311-b8ed-005056822391,St Chad's Church of England Primary School,2102151,3533008,
7352792e-caae-e311-b8ed-005056822391,Harefield Primary School,2001122,8523659,
a052792e-caae-e311-b8ed-005056822391,The Stourport High School and Sixth Form College,1020878,8854004,
b652792e-caae-e311-b8ed-005056822391,Pallister Park Primary School 1,3516836,806/2331,
c252792e-caae-e311-b8ed-005056822391,King Alfred's,1027011,9314142,
c952792e-caae-e311-b8ed-005056822391,The Cherwell School,1026999,9314116,
dc52792e-caae-e311-b8ed-005056822391,National Induction Panel for Teachers,3000265,051,
ec52792e-caae-e311-b8ed-005056822391,Bishop Rawstorne Church of England Academy,1022327,8884626,
f152792e-caae-e311-b8ed-005056822391,Biddulph High School,,860/4143,
fb52792e-caae-e311-b8ed-005056822391,Brunel Field Primary School,1012434,8012001,
0153792e-caae-e311-b8ed-005056822391,Blackfriars Academy,3400622,8607026,
2f53792e-caae-e311-b8ed-005056822391,Powers Hall Academy,2001237,8812699,
af53792e-caae-e311-b8ed-005056822391,Newham Partnership Working,3000017,PB100580,
0b54792e-caae-e311-b8ed-005056822391,Redhill School,2001238,3324119,
0e54792e-caae-e311-b8ed-005056822391,"Ninestiles, an Academy",1007658,3305411,
9f54792e-caae-e311-b8ed-005056822391,St Peter's Catholic Academy,2001617,8613402,
0455792e-caae-e311-b8ed-005056822391,EASTFIELD PRIMARY SCHOOL,2001218,8102160,
4e55792e-caae-e311-b8ed-005056822391,Bishop Ramsey Church of England School,1006552,3124600,
0756792e-caae-e311-b8ed-005056822391,Hawthorns School 1,2003355,357/7001,
d756792e-caae-e311-b8ed-005056822391,Beechwood Junior School,2001728,8522404,
d2a97134-caae-e311-b8ed-005056822391,Abacus Belsize Primary School,2001186,2022001,
b1ab7134-caae-e311-b8ed-005056822391,The Duchy School Bradninch,2001549,8782003,
eaab7134-caae-e311-b8ed-005056822391,Bishop Challoner Catholic College,1007661,3305413,
b2ac7134-caae-e311-b8ed-005056822391,Tollgate Primary School,3508090,3162071,
b8ac7134-caae-e311-b8ed-005056822391,St John Vianney RC Primary School,1012836,8053329,
bbac7134-caae-e311-b8ed-005056822391,Cheadle Hulme High School,1009899,3564039,
c1ac7134-caae-e311-b8ed-005056822391,Langley Grammar School,1018666,8715405,
c6ac7134-caae-e311-b8ed-005056822391,Lynch Hill School Primary Academy,1018664,8715208,
70006a3a-caae-e311-b8ed-005056822391,Mary Rose Academy,2101885,8517471,
0f016a3a-caae-e311-b8ed-005056822391,Haybridge High School and Sixth Form,1020884,8854010,
24016a3a-caae-e311-b8ed-005056822391,Ash Grove Academy,2102002,8952142,
c4016a3a-caae-e311-b8ed-005056822391,The Rochester Grammar School,1021743,8875445,
c7016a3a-caae-e311-b8ed-005056822391,Silverdale School,2000657,3734229,
94026a3a-caae-e311-b8ed-005056822391,ST GREGORY'S CATHOLIC ACADEMY,2101857,8613488,
a7026a3a-caae-e311-b8ed-005056822391,South Bromsgrove High,2101852,8854003,
d1036a3a-caae-e311-b8ed-005056822391,Launde Primary School,2001126,8552357,
d7036a3a-caae-e311-b8ed-005056822391,Lincroft Academy,1014100,8225404,
f1046a3a-caae-e311-b8ed-005056822391,Darrick Wood School,1005827,3055418,
472fdf0c-636b-ef11-bfe2-7c1e52348cc9,EvergreenOct24,,,
